posted_at,post_type,text_hash,comments_count,shares_count,likes_loves,engage_outlier,day_name,hour
2014-04-02 09:24:33-04:00,status,6653a4805562e931b3de61df272f887a,11,20,217,0.0,Wednesday,9
2014-04-03 07:34:01-04:00,status,6653a4805562e931b3de61df272f887a,13,15,174,0.0,Thursday,7
2014-04-04 07:36:23-04:00,status,6653a4805562e931b3de61df272f887a,12,13,176,0.0,Friday,7
2014-04-17 12:18:09-04:00,link,b2cb3f335b7b183a04fcf71e4613e654,9,9,25,0.0,Thursday,12
2014-04-17 17:23:48-04:00,link,b2cb3f335b7b183a04fcf71e4613e654,32,76,657,0.0,Thursday,17
2014-04-22 12:16:02-04:00,link,41a35e331050c8fca0989ae675534d9b,8,25,17,0.0,Tuesday,12
2014-04-22 16:33:42-04:00,link,41a35e331050c8fca0989ae675534d9b,142,1811,2512,1.0,Tuesday,16
2014-04-23 13:13:00-04:00,link,e757faa9fff47edd3314f211f17e3e9b,8,21,23,0.0,Wednesday,13
2014-04-23 16:48:27-04:00,link,e757faa9fff47edd3314f211f17e3e9b,163,1268,2424,1.0,Wednesday,16
2014-04-24 12:31:16-04:00,link,3f19df1a1ea30bcc23839e1841c73c99,1,1,5,0.0,Thursday,12
2014-04-24 16:43:42-04:00,link,3f19df1a1ea30bcc23839e1841c73c99,29,137,329,0.0,Thursday,16
2014-04-29 12:48:18-04:00,link,a8fb3c17bf3efd358bebc16415f7f3b1,3,6,13,0.0,Tuesday,12
2014-04-29 16:44:53-04:00,link,a8fb3c17bf3efd358bebc16415f7f3b1,30,212,627,0.0,Tuesday,16
2014-04-30 12:36:44-04:00,link,7755887ba64ca5a7e8bcd9a3ab1e427a,2,9,23,0.0,Wednesday,12
2014-04-30 18:06:58-04:00,link,7755887ba64ca5a7e8bcd9a3ab1e427a,37,783,1793,0.0,Wednesday,18
2014-05-09 12:38:38-04:00,link,c6c0d473850958cbb35c23d39db55c6a,5,9,34,0.0,Friday,12
2014-05-09 17:15:10-04:00,link,c6c0d473850958cbb35c23d39db55c6a,46,79,334,0.0,Friday,17
2014-05-15 12:32:26-04:00,link,1da26050cf73024101733dfa7dbf6636,5,3,13,0.0,Thursday,12
2014-05-15 16:11:30-04:00,link,1da26050cf73024101733dfa7dbf6636,20,27,154,0.0,Thursday,16
2014-06-28 22:10:13-04:00,link,239dfafff6ef0ce885455fe69b3c6685,0,7,8,0.0,Saturday,22
2014-06-28 22:14:32-04:00,link,239dfafff6ef0ce885455fe69b3c6685,3,11,9,0.0,Saturday,22
2014-06-28 22:18:50-04:00,link,239dfafff6ef0ce885455fe69b3c6685,2,5,9,0.0,Saturday,22
2014-06-28 22:21:32-04:00,link,239dfafff6ef0ce885455fe69b3c6685,1,3,13,0.0,Saturday,22
2014-06-28 22:24:24-04:00,link,239dfafff6ef0ce885455fe69b3c6685,1,2,12,0.0,Saturday,22
2014-06-28 22:27:18-04:00,link,239dfafff6ef0ce885455fe69b3c6685,4,6,15,0.0,Saturday,22
2014-06-28 22:29:47-04:00,link,239dfafff6ef0ce885455fe69b3c6685,4,2,10,0.0,Saturday,22
2014-06-28 22:33:02-04:00,link,239dfafff6ef0ce885455fe69b3c6685,5,1,10,0.0,Saturday,22
2014-06-28 22:37:33-04:00,link,239dfafff6ef0ce885455fe69b3c6685,16,12,34,0.0,Saturday,22
2014-07-28 21:08:33-04:00,link,0c216f2b4ddd70d12d5b750b2f8e3981,150,201,648,0.0,Monday,21
2014-07-29 09:00:05-04:00,link,0c216f2b4ddd70d12d5b750b2f8e3981,42,62,182,0.0,Tuesday,9
2014-08-01 11:48:50-04:00,link,3b4211f7a62b4143f42c3002691e3adb,1,5,9,0.0,Friday,11
2014-08-01 14:59:31-04:00,link,3b4211f7a62b4143f42c3002691e3adb,23,29,205,0.0,Friday,14
2014-08-11 15:17:52-04:00,link,d6be4f638ced4f6bee83f59a886f0eb7,1,17,24,0.0,Monday,15
2014-08-11 16:37:33-04:00,link,d6be4f638ced4f6bee83f59a886f0eb7,28,316,734,0.0,Monday,16
2014-08-19 13:44:32-04:00,link,26cf09476323acbe21b15c9d8f0009f5,2,11,32,0.0,Tuesday,13
2014-08-20 14:50:01-04:00,link,26cf09476323acbe21b15c9d8f0009f5,39,160,428,0.0,Wednesday,14
2014-09-03 17:36:58-04:00,link,ac2aa9e63630c134da10b43d18571892,12,37,171,0.0,Wednesday,17
2014-09-04 16:15:15-04:00,link,5ca1aefc5f7dbce37f0b7c5eb6334add,10,13,143,0.0,Thursday,16
2014-09-05 14:55:10-04:00,link,ff81976f198cf3641fea2252d16ae2ca,40,569,1243,0.0,Friday,14
2014-09-06 05:15:00-04:00,link,5ca1aefc5f7dbce37f0b7c5eb6334add,7,18,143,0.0,Saturday,5
2014-09-06 11:55:01-04:00,link,ac2aa9e63630c134da10b43d18571892,15,28,169,0.0,Saturday,11
2014-09-06 18:15:04-04:00,link,ff81976f198cf3641fea2252d16ae2ca,17,105,309,0.0,Saturday,18
2014-09-11 01:43:58-04:00,link,9b1d2c96e6351b6641425d31f052826a,163,502,1015,0.0,Thursday,1
2014-09-12 04:52:04-04:00,link,ba9e330ab9b353072741ce1093942cdd,51,64,393,0.0,Friday,4
2014-09-12 05:12:24-04:00,link,ba9e330ab9b353072741ce1093942cdd,27,45,268,0.0,Friday,5
2014-09-13 12:41:53-04:00,link,9b1d2c96e6351b6641425d31f052826a,79,154,383,0.0,Saturday,12
2014-09-13 19:35:56-04:00,link,3b37fa27b0457de00b7fb38e44c5bb5a,18,80,340,0.0,Saturday,19
2014-09-13 23:41:07-04:00,link,6dc58032e62f37a370fe00eaca7f9e99,46,204,713,0.0,Saturday,23
2014-09-14 02:25:26-04:00,link,9d74c870a07089fd3027a75a28de3494,73,55,263,0.0,Sunday,2
2014-09-14 05:47:10-04:00,link,e64b69bfdab1c0368ed32b7ffa33c91c,35,190,1651,0.0,Sunday,5
2014-09-14 07:08:18-04:00,link,5081a7e758ea68a0b679c63576d711b1,36,41,170,0.0,Sunday,7
2014-09-14 09:32:29-04:00,link,9d74c870a07089fd3027a75a28de3494,15,16,106,0.0,Sunday,9
2014-09-14 11:16:23-04:00,link,3b37fa27b0457de00b7fb38e44c5bb5a,4,19,70,0.0,Sunday,11
2014-09-14 12:18:22-04:00,link,6dc58032e62f37a370fe00eaca7f9e99,12,26,140,0.0,Sunday,12
2014-09-14 12:39:12-04:00,link,27a56da6ab591dabf07aa58f851bda5b,28,339,584,0.0,Sunday,12
2014-09-14 14:24:34-04:00,link,3fec7d686e10ef15b34707f3633ad974,10,21,96,0.0,Sunday,14
2014-09-15 00:42:09-04:00,link,e64b69bfdab1c0368ed32b7ffa33c91c,11,30,199,0.0,Monday,0
2014-09-15 04:06:06-04:00,link,3fec7d686e10ef15b34707f3633ad974,5,6,40,0.0,Monday,4
2014-09-15 04:26:55-04:00,link,5081a7e758ea68a0b679c63576d711b1,10,3,42,0.0,Monday,4
2014-09-15 04:47:38-04:00,link,27a56da6ab591dabf07aa58f851bda5b,3,38,81,0.0,Monday,4
2014-09-26 15:25:05-04:00,link,45bb640312cea55e2f5a9ecc7d576f56,168,571,1207,0.0,Friday,15
2014-09-28 08:35:57-04:00,link,45bb640312cea55e2f5a9ecc7d576f56,50,124,361,0.0,Sunday,8
2014-10-11 14:04:24-04:00,link,022fc69ae14cd8bbcb7c72b015ca53a0,381,686,2067,0.0,Saturday,14
2014-10-12 13:15:01-04:00,link,022fc69ae14cd8bbcb7c72b015ca53a0,16,17,52,0.0,Sunday,13
2014-10-31 03:47:07-04:00,link,2319ede74219d85c560c7ce8e8fbc226,7,9,112,0.0,Friday,3
2014-10-31 05:22:30-04:00,link,2319ede74219d85c560c7ce8e8fbc226,11,14,59,0.0,Friday,5
2014-11-07 09:23:30-05:00,photo,4b5feeb72c4eecc7e8ab417015a1164d,14,12,266,0.0,Friday,9
2014-11-08 11:20:04-05:00,photo,724c9781af3dce16bae205da2de924d5,30,31,343,0.0,Saturday,11
2014-11-09 09:16:30-05:00,photo,724c9781af3dce16bae205da2de924d5,17,32,328,0.0,Sunday,9
2014-11-10 09:17:56-05:00,photo,4b5feeb72c4eecc7e8ab417015a1164d,7,21,198,0.0,Monday,9
2014-11-11 09:24:42-05:00,photo,4b5feeb72c4eecc7e8ab417015a1164d,50,35,349,0.0,Tuesday,9
2014-11-13 09:17:08-05:00,photo,4b5feeb72c4eecc7e8ab417015a1164d,9,28,297,0.0,Thursday,9
2014-11-14 09:40:01-05:00,photo,4b5feeb72c4eecc7e8ab417015a1164d,12,13,149,0.0,Friday,9
2014-11-17 10:25:05-05:00,photo,d46874bb3c18457c0b254dcca08572ed,6,14,135,0.0,Monday,10
2014-11-18 09:22:07-05:00,photo,d46874bb3c18457c0b254dcca08572ed,13,11,204,0.0,Tuesday,9
2014-11-22 15:33:47-05:00,photo,a8554171e3d928773d6d2a455e62b02a,20,38,265,0.0,Saturday,15
2014-11-23 16:17:22-05:00,photo,a8554171e3d928773d6d2a455e62b02a,80,73,457,0.0,Sunday,16
2014-12-06 19:58:47-05:00,link,e2c5ec39dd64ed0b355d80f7b636b700,236,106,643,0.0,Saturday,19
2014-12-06 21:58:42-05:00,link,e2c5ec39dd64ed0b355d80f7b636b700,123,67,455,0.0,Saturday,21
2015-01-09 15:40:08-05:00,link,5d2cbb1df297c36cbdd9da07d532065d,2,5,39,0.0,Friday,15
2015-01-09 15:40:12-05:00,link,5d2cbb1df297c36cbdd9da07d532065d,2,2,17,0.0,Friday,15
2015-01-09 15:40:34-05:00,link,5d2cbb1df297c36cbdd9da07d532065d,1,2,23,0.0,Friday,15
2015-01-09 15:40:36-05:00,link,5d2cbb1df297c36cbdd9da07d532065d,5,4,112,0.0,Friday,15
2015-01-09 15:41:48-05:00,link,5d2cbb1df297c36cbdd9da07d532065d,4,9,134,0.0,Friday,15
2015-01-09 15:41:57-05:00,link,5d2cbb1df297c36cbdd9da07d532065d,4,33,204,0.0,Friday,15
2015-01-09 15:42:24-05:00,link,5d2cbb1df297c36cbdd9da07d532065d,3,22,104,0.0,Friday,15
2015-01-13 22:43:31-05:00,link,cabfd4898386ba20bf56eaaac05c6151,8,10,41,0.0,Tuesday,22
2015-01-13 22:48:09-05:00,link,cabfd4898386ba20bf56eaaac05c6151,7,7,38,0.0,Tuesday,22
2015-01-20 18:25:12-05:00,link,a3cf1a1a3ea07980b27687b42c9f775c,51,98,509,0.0,Tuesday,18
2015-01-23 01:47:15-05:00,link,01f5ebcc655465fbdeda7a74e3fbc17c,10,12,59,0.0,Friday,1
2015-01-23 08:23:04-05:00,link,01f5ebcc655465fbdeda7a74e3fbc17c,206,290,1842,0.0,Friday,8
2015-01-23 21:57:49-05:00,link,a3cf1a1a3ea07980b27687b42c9f775c,34,146,796,0.0,Friday,21
2015-01-25 14:35:00-05:00,photo,f13c0019c124c216f46858f93074d7ab,51,112,482,0.0,Sunday,14
2015-01-25 23:25:00-05:00,photo,f13c0019c124c216f46858f93074d7ab,60,123,459,0.0,Sunday,23
2015-01-28 23:26:24-05:00,link,3fba08ac83aed1f5abbcf7eaf53a9224,626,1518,11868,1.0,Wednesday,23
2015-01-29 08:01:48-05:00,link,3fba08ac83aed1f5abbcf7eaf53a9224,83,135,1071,0.0,Thursday,8
2015-02-05 00:26:24-05:00,link,74186062eec1cffd2e734d1e9a6538bd,93,248,833,0.0,Thursday,0
2015-02-05 04:51:07-05:00,link,74186062eec1cffd2e734d1e9a6538bd,38,130,405,0.0,Thursday,4
2015-02-25 12:50:06-05:00,link,1f18cf6ddc8648dc0de49153248c5db9,0,4,11,0.0,Wednesday,12
2015-02-25 16:10:11-05:00,link,1f18cf6ddc8648dc0de49153248c5db9,15,42,252,0.0,Wednesday,16
2015-03-01 07:51:19-05:00,link,9624379d189df723123de4e9076b2bc3,27,157,837,0.0,Sunday,7
2015-03-01 13:55:12-05:00,link,9624379d189df723123de4e9076b2bc3,7,45,229,0.0,Sunday,13
2015-04-20 17:03:14-04:00,link,926618aa8104ad8096eabc8e14088ec7,91,630,1535,0.0,Monday,17
2015-04-20 17:25:01-04:00,link,926618aa8104ad8096eabc8e14088ec7,22,178,383,0.0,Monday,17
2015-05-03 22:55:00-04:00,link,36054e5dd8ba98f2ba83050f5f2c63f6,886,722,2196,1.0,Sunday,22
2015-05-04 22:56:40-04:00,link,36054e5dd8ba98f2ba83050f5f2c63f6,210,108,566,0.0,Monday,22
2015-05-12 22:27:29-04:00,link,d6cdb7de1b07e9cd254c51e641e208bb,150,863,917,0.0,Tuesday,22
2015-05-12 23:23:05-04:00,link,d6cdb7de1b07e9cd254c51e641e208bb,53,185,535,0.0,Tuesday,23
2015-05-28 20:15:00-04:00,status,50efd54e6ee2c8b1671c22a4389f84e8,27,11,60,0.0,Thursday,20
2015-06-02 14:55:01-04:00,link,85ffd84961cc930f98f825d6082def58,60,529,1824,0.0,Tuesday,14
2015-06-03 19:25:00-04:00,link,445c93a4a82919e657376536c7b49de0,212,536,2669,0.0,Wednesday,19
2015-06-04 12:25:00-04:00,link,55dad66951d14d33a913e4a5e7c22fd9,62,319,4534,1.0,Thursday,12
2015-06-05 18:31:00-04:00,status,50efd54e6ee2c8b1671c22a4389f84e8,18,14,107,0.0,Friday,18
2015-06-06 10:25:01-04:00,link,55dad66951d14d33a913e4a5e7c22fd9,54,195,2947,0.0,Saturday,10
2015-06-06 23:25:00-04:00,link,85ffd84961cc930f98f825d6082def58,73,649,2465,0.0,Saturday,23
2015-06-06 23:55:00-04:00,link,445c93a4a82919e657376536c7b49de0,165,444,2052,0.0,Saturday,23
2015-06-19 21:55:05-04:00,link,371df1953f04f14eac212ead983d96ef,881,3342,11872,1.0,Friday,21
2015-06-20 22:44:00-04:00,link,55726aafc36387f5f031f955ffed7042,74,726,1236,0.0,Saturday,22
2015-06-21 19:55:00-04:00,link,55726aafc36387f5f031f955ffed7042,45,401,729,0.0,Sunday,19
2015-06-22 13:25:00-04:00,link,371df1953f04f14eac212ead983d96ef,327,886,3817,1.0,Monday,13
2015-07-29 12:25:08-04:00,link,ddb12fe821084b7b4179adcedeb15ab4,171,1693,3742,1.0,Wednesday,12
2015-07-30 19:25:48-04:00,link,71f030d37cc8e6edf9b6891a54bb4cb9,326,3246,13842,1.0,Thursday,19
2015-08-02 03:55:00-04:00,link,71f030d37cc8e6edf9b6891a54bb4cb9,128,726,4110,1.0,Sunday,3
2015-08-03 05:55:00-04:00,link,ddb12fe821084b7b4179adcedeb15ab4,141,1331,3049,1.0,Monday,5
2015-09-12 09:55:01-04:00,link,6d9f7a1031c3703caa4fa559eeaf3b86,37,419,1095,0.0,Saturday,9
2015-11-02 08:55:00-05:00,link,e45e863016a449a6c92b8153bf7c72ef,50,386,770,0.0,Monday,8
2015-11-02 16:26:23-05:00,link,e45e863016a449a6c92b8153bf7c72ef,5,73,148,0.0,Monday,16
2015-11-27 09:25:00-05:00,link,7434816c485ec1f63c04f3ce9fe7939a,96,59,402,0.0,Friday,9
2015-11-28 05:55:00-05:00,link,7434816c485ec1f63c04f3ce9fe7939a,64,45,193,0.0,Saturday,5
2015-11-29 18:55:00-05:00,link,87706d4e9382056ac1a82353efa68221,110,1080,1681,1.0,Sunday,18
2015-11-30 22:25:01-05:00,link,87706d4e9382056ac1a82353efa68221,37,451,769,0.0,Monday,22
2015-12-21 12:25:00-05:00,link,39a1f4a28934a120013d581d58fb109f,332,1372,3360,1.0,Monday,12
2015-12-27 13:55:01-05:00,link,39a1f4a28934a120013d581d58fb109f,226,629,2268,0.0,Sunday,13
2016-01-16 13:40:00-05:00,link,ee2b43134ff00425eb6b62bcc3026b14,32,209,944,0.0,Saturday,13
2016-01-18 17:55:01-05:00,link,4c82b2843c5b24999a4b92e94ba365eb,191,1204,2369,1.0,Monday,17
2016-01-23 22:25:01-05:00,link,4c82b2843c5b24999a4b92e94ba365eb,105,450,1560,0.0,Saturday,22
2016-02-13 00:55:00-05:00,link,ee2b43134ff00425eb6b62bcc3026b14,44,152,704,0.0,Saturday,0
2016-02-24 06:37:00-05:00,link,af5dcd406c92df61d4b87acaf7f48daf,602,2713,8395,1.0,Wednesday,6
2016-02-28 22:52:33-05:00,link,af5dcd406c92df61d4b87acaf7f48daf,74,231,1019,0.0,Sunday,22
2016-04-18 06:30:00-04:00,link,dfe07515948238043b1aace185d3014d,28,40,268,0.0,Monday,6
2016-04-19 06:30:00-04:00,link,2759680a7cd049fc1315cb444daacbdf,35,15,200,0.0,Tuesday,6
2016-04-20 06:30:00-04:00,link,5c3a66c35e08f8259ad4f496f4e65bf9,71,21,243,0.0,Wednesday,6
2016-04-20 20:40:00-04:00,link,1decc5a77244de2c64e460b3ed22eff9,611,494,7531,1.0,Wednesday,20
2016-04-21 06:30:00-04:00,link,c6ba0536fd2469e63a53c58407a0eff2,65,142,1728,0.0,Thursday,6
2016-04-22 06:30:58-04:00,link,d9d7b0320f5adb3d71cbfe6e5ad62295,5,16,147,0.0,Friday,6
2016-04-25 06:30:00-04:00,link,dfe07515948238043b1aace185d3014d,12,16,275,0.0,Monday,6
2016-04-27 06:30:01-04:00,link,5c3a66c35e08f8259ad4f496f4e65bf9,23,4,82,0.0,Wednesday,6
2016-04-28 06:30:00-04:00,link,c6ba0536fd2469e63a53c58407a0eff2,10,21,163,0.0,Thursday,6
2016-04-29 06:30:00-04:00,link,d9d7b0320f5adb3d71cbfe6e5ad62295,32,17,98,0.0,Friday,6
2016-05-01 22:22:13-04:00,link,1decc5a77244de2c64e460b3ed22eff9,1045,1203,10893,1.0,Sunday,22
2016-05-03 06:30:01-04:00,link,2759680a7cd049fc1315cb444daacbdf,12,7,68,0.0,Tuesday,6
2016-05-04 06:30:00-04:00,link,5c3a66c35e08f8259ad4f496f4e65bf9,6,12,69,0.0,Wednesday,6
2016-05-04 14:44:39-04:00,link,37148a3433ee84ce1aaab4a06e666fea,177,376,679,0.0,Wednesday,14
2016-05-04 21:45:00-04:00,link,37148a3433ee84ce1aaab4a06e666fea,61,181,232,0.0,Wednesday,21
2016-05-05 06:30:00-04:00,link,c6ba0536fd2469e63a53c58407a0eff2,10,16,93,0.0,Thursday,6
2016-05-10 23:25:09-04:00,link,0ae9cccb28ad63d74209600f75eb3312,378,1000,652,1.0,Tuesday,23
2016-05-11 06:30:00-04:00,link,5c3a66c35e08f8259ad4f496f4e65bf9,38,29,164,0.0,Wednesday,6
2016-05-11 12:56:34-04:00,link,0ae9cccb28ad63d74209600f75eb3312,48,92,104,0.0,Wednesday,12
2016-05-12 06:30:01-04:00,link,c6ba0536fd2469e63a53c58407a0eff2,45,43,339,0.0,Thursday,6
2016-05-13 06:30:00-04:00,link,d9d7b0320f5adb3d71cbfe6e5ad62295,55,37,225,0.0,Friday,6
2016-05-13 12:55:00-04:00,link,184fb741c2e37c92d14171a828e6a5d7,6,20,150,0.0,Friday,12
2016-05-15 12:55:00-04:00,link,184fb741c2e37c92d14171a828e6a5d7,10,38,285,0.0,Sunday,12
2016-05-16 06:30:01-04:00,link,dfe07515948238043b1aace185d3014d,40,34,377,0.0,Monday,6
2016-05-16 19:42:32-04:00,video,af77be48278c7361efc28d980e750a56,368,67,680,0.0,Monday,19
2016-05-17 06:30:00-04:00,link,2759680a7cd049fc1315cb444daacbdf,71,8,142,0.0,Tuesday,6
2016-05-18 06:30:07-04:00,link,5c3a66c35e08f8259ad4f496f4e65bf9,35,17,154,0.0,Wednesday,6
2016-05-19 06:30:00-04:00,link,c6ba0536fd2469e63a53c58407a0eff2,19,19,211,0.0,Thursday,6
2016-05-20 12:40:32-04:00,video,668ab65018ed678524295d405cc9b798,327,146,1097,0.0,Friday,12
2016-05-20 12:40:54-04:00,video,668ab65018ed678524295d405cc9b798,103,20,515,0.0,Friday,12
2016-05-21 16:25:00-04:00,link,969c213de5946209cc6ffd255d7c3297,205,169,1334,0.0,Saturday,16
2016-05-22 06:25:00-04:00,link,969c213de5946209cc6ffd255d7c3297,67,62,335,0.0,Sunday,6
2016-05-23 06:31:01-04:00,link,dfe07515948238043b1aace185d3014d,29,24,120,0.0,Monday,6
2016-05-24 06:30:00-04:00,link,2759680a7cd049fc1315cb444daacbdf,6,6,109,0.0,Tuesday,6
2016-05-25 20:10:00-04:00,link,9e6947aad1ee9ea8d7eb3eb0b60ca60e,11,2,62,0.0,Wednesday,20
2016-05-26 06:30:00-04:00,link,c6ba0536fd2469e63a53c58407a0eff2,23,34,151,0.0,Thursday,6
2016-05-27 06:30:00-04:00,link,d9d7b0320f5adb3d71cbfe6e5ad62295,21,28,170,0.0,Friday,6
2016-05-31 06:30:00-04:00,link,2759680a7cd049fc1315cb444daacbdf,35,11,163,0.0,Tuesday,6
2016-06-01 06:30:00-04:00,link,5c3a66c35e08f8259ad4f496f4e65bf9,13,10,94,0.0,Wednesday,6
2016-06-02 06:30:00-04:00,link,c6ba0536fd2469e63a53c58407a0eff2,28,7,54,0.0,Thursday,6
2016-06-02 12:25:00-04:00,link,983e37e0adf9d7e7efd58b000737d458,110,159,325,0.0,Thursday,12
2016-06-03 06:30:00-04:00,link,d9d7b0320f5adb3d71cbfe6e5ad62295,35,18,77,0.0,Friday,6
2016-06-05 07:55:01-04:00,link,983e37e0adf9d7e7efd58b000737d458,84,137,316,0.0,Sunday,7
2016-06-06 06:30:00-04:00,link,dfe07515948238043b1aace185d3014d,7,8,87,0.0,Monday,6
2016-06-07 06:30:00-04:00,link,2759680a7cd049fc1315cb444daacbdf,20,18,62,0.0,Tuesday,6
2016-06-08 06:30:00-04:00,link,5c3a66c35e08f8259ad4f496f4e65bf9,62,15,187,0.0,Wednesday,6
2016-06-10 06:33:01-04:00,link,d9d7b0320f5adb3d71cbfe6e5ad62295,4,7,73,0.0,Friday,6
2016-06-14 06:33:00-04:00,link,2759680a7cd049fc1315cb444daacbdf,15,9,65,0.0,Tuesday,6
2016-06-16 06:30:01-04:00,link,c6ba0536fd2469e63a53c58407a0eff2,10,4,65,0.0,Thursday,6
2016-06-17 06:30:00-04:00,link,d9d7b0320f5adb3d71cbfe6e5ad62295,28,6,118,0.0,Friday,6
2016-06-18 14:55:00-04:00,link,389abe0f77c76c74bd0971b64545e351,184,654,1418,0.0,Saturday,14
2016-06-21 06:30:01-04:00,link,2759680a7cd049fc1315cb444daacbdf,8,16,81,0.0,Tuesday,6
2016-06-23 06:30:00-04:00,link,c6ba0536fd2469e63a53c58407a0eff2,12,7,72,0.0,Thursday,6
2016-06-24 06:30:00-04:00,link,d9d7b0320f5adb3d71cbfe6e5ad62295,26,24,151,0.0,Friday,6
2016-06-27 06:30:00-04:00,link,dfe07515948238043b1aace185d3014d,8,23,151,0.0,Monday,6
2016-06-28 06:30:00-04:00,link,2759680a7cd049fc1315cb444daacbdf,8,5,51,0.0,Tuesday,6
2016-06-29 06:30:00-04:00,link,5c3a66c35e08f8259ad4f496f4e65bf9,11,13,85,0.0,Wednesday,6
2016-06-30 06:30:00-04:00,link,c6ba0536fd2469e63a53c58407a0eff2,4,10,79,0.0,Thursday,6
2016-07-05 06:30:00-04:00,link,2759680a7cd049fc1315cb444daacbdf,8,22,129,0.0,Tuesday,6
2016-07-06 06:30:00-04:00,link,5c3a66c35e08f8259ad4f496f4e65bf9,16,9,65,0.0,Wednesday,6
2016-07-07 06:30:00-04:00,link,c6ba0536fd2469e63a53c58407a0eff2,17,8,85,0.0,Thursday,6
2016-07-11 06:30:01-04:00,link,dfe07515948238043b1aace185d3014d,25,17,71,0.0,Monday,6
2016-07-20 06:30:00-04:00,link,5c3a66c35e08f8259ad4f496f4e65bf9,35,9,52,0.0,Wednesday,6
2016-07-20 14:55:03-04:00,link,8b5bf5801c0f65c21048a5cf37c53583,49,85,405,0.0,Wednesday,14
2016-07-21 01:55:00-04:00,link,8b5bf5801c0f65c21048a5cf37c53583,16,36,181,0.0,Thursday,1
2016-07-21 02:55:00-04:00,link,6d9f7a1031c3703caa4fa559eeaf3b86,7,57,177,0.0,Thursday,2
2016-07-21 06:34:00-04:00,link,c6ba0536fd2469e63a53c58407a0eff2,9,7,40,0.0,Thursday,6
2016-07-22 06:30:00-04:00,link,d9d7b0320f5adb3d71cbfe6e5ad62295,15,19,46,0.0,Friday,6
2016-07-25 06:30:00-04:00,link,dfe07515948238043b1aace185d3014d,24,6,98,0.0,Monday,6
2016-07-27 06:30:00-04:00,link,5c3a66c35e08f8259ad4f496f4e65bf9,46,10,120,0.0,Wednesday,6
2016-07-29 06:30:04-04:00,link,d9d7b0320f5adb3d71cbfe6e5ad62295,22,7,76,0.0,Friday,6
2016-08-02 06:33:00-04:00,link,2759680a7cd049fc1315cb444daacbdf,50,10,80,0.0,Tuesday,6
2016-08-03 06:30:00-04:00,link,5c3a66c35e08f8259ad4f496f4e65bf9,52,14,139,0.0,Wednesday,6
2016-08-04 06:36:01-04:00,link,c6ba0536fd2469e63a53c58407a0eff2,33,10,79,0.0,Thursday,6
2016-08-05 06:30:00-04:00,link,d9d7b0320f5adb3d71cbfe6e5ad62295,10,32,130,0.0,Friday,6
2016-08-09 10:08:42-04:00,video,2b1f5d2990bddb3d52f1342efc7e2ef1,293,144,776,0.0,Tuesday,10
2016-08-09 10:19:06-04:00,video,2b1f5d2990bddb3d52f1342efc7e2ef1,545,398,2280,1.0,Tuesday,10
2016-08-12 13:55:05-04:00,link,9bd889230cb7251f866eff2be964f9f2,8,8,25,0.0,Friday,13
2016-08-12 13:55:15-04:00,link,9bd889230cb7251f866eff2be964f9f2,2210,2077,4456,1.0,Friday,13
2016-08-17 15:23:52-04:00,video,af77be48278c7361efc28d980e750a56,257,46,673,0.0,Wednesday,15
2016-08-18 13:39:48-04:00,video,3d6c78d6e225945dbd72f36d6c2849a1,2099,230,1508,1.0,Thursday,13
2016-08-22 06:30:00-04:00,link,dfe07515948238043b1aace185d3014d,0,7,77,0.0,Monday,6
2016-08-23 06:30:00-04:00,link,2759680a7cd049fc1315cb444daacbdf,38,7,84,0.0,Tuesday,6
2016-08-24 11:44:09-04:00,link,9e6947aad1ee9ea8d7eb3eb0b60ca60e,42,11,163,0.0,Wednesday,11
2016-08-24 17:25:00-04:00,link,f593a18911b56ee1bcfff540824f2621,30,53,155,0.0,Wednesday,17
2016-08-25 10:27:01-04:00,link,f593a18911b56ee1bcfff540824f2621,18,27,78,0.0,Thursday,10
2016-08-30 06:30:00-04:00,link,2759680a7cd049fc1315cb444daacbdf,35,36,112,0.0,Tuesday,6
2016-08-31 06:30:01-04:00,link,5c3a66c35e08f8259ad4f496f4e65bf9,27,6,61,0.0,Wednesday,6
2016-09-01 06:30:00-04:00,link,c6ba0536fd2469e63a53c58407a0eff2,8,17,87,0.0,Thursday,6
2016-09-01 11:35:19-04:00,video,3d6c78d6e225945dbd72f36d6c2849a1,1458,191,1108,1.0,Thursday,11
2016-09-02 06:30:00-04:00,link,d9d7b0320f5adb3d71cbfe6e5ad62295,6,16,87,0.0,Friday,6
2016-09-03 01:25:01-04:00,link,389abe0f77c76c74bd0971b64545e351,126,526,953,0.0,Saturday,1
2016-09-07 06:30:00-04:00,link,5c3a66c35e08f8259ad4f496f4e65bf9,14,16,83,0.0,Wednesday,6
2016-09-08 13:11:07-04:00,video,3d6c78d6e225945dbd72f36d6c2849a1,1088,144,815,1.0,Thursday,13
2016-09-09 23:55:00-04:00,link,2ea6d7e1286b785c143b3f07775133bf,25,33,365,0.0,Friday,23
2016-09-12 06:30:00-04:00,link,dfe07515948238043b1aace185d3014d,10,11,102,0.0,Monday,6
2016-09-12 14:06:44-04:00,video,dca941647926a648e9e1e09c952b9bcb,98,70,578,0.0,Monday,14
2016-09-12 14:18:00-04:00,video,dca941647926a648e9e1e09c952b9bcb,106,47,581,0.0,Monday,14
2016-09-13 06:30:00-04:00,link,2759680a7cd049fc1315cb444daacbdf,8,14,90,0.0,Tuesday,6
2016-09-14 06:30:00-04:00,link,5c3a66c35e08f8259ad4f496f4e65bf9,9,7,63,0.0,Wednesday,6
2016-09-15 06:30:00-04:00,link,c6ba0536fd2469e63a53c58407a0eff2,4,6,63,0.0,Thursday,6
2016-09-16 23:40:00-04:00,link,2ea6d7e1286b785c143b3f07775133bf,13,5,79,0.0,Friday,23
2016-09-19 06:30:01-04:00,link,dfe07515948238043b1aace185d3014d,7,15,54,0.0,Monday,6
2016-09-20 06:30:01-04:00,link,2759680a7cd049fc1315cb444daacbdf,18,9,70,0.0,Tuesday,6
2016-09-22 06:30:27-04:00,link,c6ba0536fd2469e63a53c58407a0eff2,33,43,118,0.0,Thursday,6
2016-09-22 13:03:31-04:00,video,3d6c78d6e225945dbd72f36d6c2849a1,1294,149,832,1.0,Thursday,13
2016-09-23 13:51:00-04:00,video,4164c89dbe5c16681be58f68ebf20f58,688,154,686,1.0,Friday,13
2016-09-23 14:13:38-04:00,video,4164c89dbe5c16681be58f68ebf20f58,146,93,423,0.0,Friday,14
2016-09-23 23:40:00-04:00,link,2ea6d7e1286b785c143b3f07775133bf,20,33,253,0.0,Friday,23
2016-09-28 06:30:00-04:00,link,5c3a66c35e08f8259ad4f496f4e65bf9,17,13,73,0.0,Wednesday,6
2016-09-29 06:30:00-04:00,link,c6ba0536fd2469e63a53c58407a0eff2,7,8,46,0.0,Thursday,6
2016-09-29 13:02:42-04:00,video,d8556533ee151e39fe0d3a05c3fe37d7,2101,183,957,1.0,Thursday,13
2016-09-30 06:30:00-04:00,link,d9d7b0320f5adb3d71cbfe6e5ad62295,8,11,55,0.0,Friday,6
2016-09-30 23:40:00-04:00,link,2ea6d7e1286b785c143b3f07775133bf,10,9,121,0.0,Friday,23
2016-10-03 06:30:01-04:00,link,dfe07515948238043b1aace185d3014d,23,25,108,0.0,Monday,6
2016-10-03 22:10:00-04:00,link,ae20b053d6143458ebe44fc622886af5,7,8,115,0.0,Monday,22
2016-10-04 06:31:00-04:00,link,2759680a7cd049fc1315cb444daacbdf,9,6,44,0.0,Tuesday,6
2016-10-05 06:30:00-04:00,link,5c3a66c35e08f8259ad4f496f4e65bf9,18,9,60,0.0,Wednesday,6
2016-10-06 06:32:01-04:00,link,c6ba0536fd2469e63a53c58407a0eff2,15,13,59,0.0,Thursday,6
2016-10-06 13:13:28-04:00,video,3d6c78d6e225945dbd72f36d6c2849a1,722,136,837,1.0,Thursday,13
2016-10-08 21:25:00-04:00,link,2ea6d7e1286b785c143b3f07775133bf,30,23,212,0.0,Saturday,21
2016-10-09 21:58:44-04:00,photo,1bd1ae65a963946889b26889703f6d35,284,518,2110,0.0,Sunday,21
2016-10-09 22:12:17-04:00,photo,1bd1ae65a963946889b26889703f6d35,271,1073,7454,1.0,Sunday,22
2016-10-10 06:30:00-04:00,link,dfe07515948238043b1aace185d3014d,23,12,68,0.0,Monday,6
2016-10-10 20:10:00-04:00,link,ae20b053d6143458ebe44fc622886af5,7,7,147,0.0,Monday,20
2016-10-12 06:32:00-04:00,link,5c3a66c35e08f8259ad4f496f4e65bf9,64,12,83,0.0,Wednesday,6
2016-10-13 13:13:22-04:00,video,d8556533ee151e39fe0d3a05c3fe37d7,680,114,703,1.0,Thursday,13
2016-10-14 06:30:01-04:00,link,d9d7b0320f5adb3d71cbfe6e5ad62295,10,11,73,0.0,Friday,6
2016-10-17 06:30:00-04:00,link,dfe07515948238043b1aace185d3014d,10,9,70,0.0,Monday,6
2016-10-17 21:40:00-04:00,link,ae20b053d6143458ebe44fc622886af5,18,9,143,0.0,Monday,21
2016-10-19 06:30:00-04:00,link,5c3a66c35e08f8259ad4f496f4e65bf9,8,13,60,0.0,Wednesday,6
2016-10-20 06:28:35-04:00,link,c6ba0536fd2469e63a53c58407a0eff2,38,1,79,0.0,Thursday,6
2016-10-20 13:02:44-04:00,video,3d6c78d6e225945dbd72f36d6c2849a1,2453,132,821,1.0,Thursday,13
2016-10-21 06:30:01-04:00,link,d9d7b0320f5adb3d71cbfe6e5ad62295,10,11,53,0.0,Friday,6
2016-10-24 06:30:01-04:00,link,dfe07515948238043b1aace185d3014d,2,2,19,0.0,Monday,6
2016-10-28 06:30:00-04:00,link,d9d7b0320f5adb3d71cbfe6e5ad62295,9,4,58,0.0,Friday,6
2016-11-01 06:30:00-04:00,link,2759680a7cd049fc1315cb444daacbdf,15,11,71,0.0,Tuesday,6
2016-11-02 06:30:00-04:00,link,5c3a66c35e08f8259ad4f496f4e65bf9,10,11,60,0.0,Wednesday,6
2016-11-07 06:30:00-05:00,link,dfe07515948238043b1aace185d3014d,64,15,113,0.0,Monday,6
